hashed_lens_id,retrieval_date,query_version
c7f1733dc7bd428f,2026-03-28,K1-K8_C1-C5
6230ef896e108747,2026-03-28,K1-K8_C1-C5
9ec3368492a2ceb7,2026-03-28,K1-K8_C1-C5
eabc16f5627fc21c,2026-03-28,K1-K8_C1-C5
70d750ba3bcea1fa,2026-03-28,K1-K8_C1-C5
02ba843ff3ea936e,2026-03-28,K1-K8_C1-C5
f8809d159e6adfa4,2026-03-28,K1-K8_C1-C5
f4d572c60c839dac,2026-03-28,K1-K8_C1-C5
6b501a465e8bb58e,2026-03-28,K1-K8_C1-C5
b431813db06c1558,2026-03-28,K1-K8_C1-C5
16bc722cc3abbedb,2026-03-28,K1-K8_C1-C5
1bb92241e686f7f4,2026-03-28,K1-K8_C1-C5
e4d2a128e0483cdd,2026-03-28,K1-K8_C1-C5
eb5b6f67be26cf69,2026-03-28,K1-K8_C1-C5
7bc26af36bb1fee5,2026-03-28,K1-K8_C1-C5
4bdca7ec5b93f71a,2026-03-28,K1-K8_C1-C5
830d14ef521e2c86,2026-03-28,K1-K8_C1-C5
5f6c0946ba64e555,2026-03-28,K1-K8_C1-C5
148e73f37d19d007,2026-03-28,K1-K8_C1-C5
dab61a943f3f047d,2026-03-28,K1-K8_C1-C5
a0fb93f236db29fb,2026-03-28,K1-K8_C1-C5
94bb58e476474d65,2026-03-28,K1-K8_C1-C5
df268a1901e36b8a,2026-03-28,K1-K8_C1-C5
61a532af0e5b4902,2026-03-28,K1-K8_C1-C5
50c042f426753037,2026-03-28,K1-K8_C1-C5
c7cd863b0b2690bc,2026-03-28,K1-K8_C1-C5
93ad9907671a15c1,2026-03-28,K1-K8_C1-C5
38abf94d1eb0776c,2026-03-28,K1-K8_C1-C5
b3d7fa3b26fa8eaf,2026-03-28,K1-K8_C1-C5
ae76663d15293031,2026-03-28,K1-K8_C1-C5
17e48acdb6461b8a,2026-03-28,K1-K8_C1-C5
dfc33183cbaa3b58,2026-03-28,K1-K8_C1-C5
386f26158af1681e,2026-03-28,K1-K8_C1-C5
1c63cba42c96d45a,2026-03-28,K1-K8_C1-C5
a3e7633ee00a3afd,2026-03-28,K1-K8_C1-C5
f32c4f98d1c0e486,2026-03-28,K1-K8_C1-C5
a4f5a073d5db157f,2026-03-28,K1-K8_C1-C5
eb01f2d5eaf0cc19,2026-03-28,K1-K8_C1-C5
58199e60c90af94e,2026-03-28,K1-K8_C1-C5
e6d3d8057db00f09,2026-03-28,K1-K8_C1-C5
fb5c06e628ba58ed,2026-03-28,K1-K8_C1-C5
0018915f3fb45f52,2026-03-28,K1-K8_C1-C5
f210c0f6a2d247cf,2026-03-28,K1-K8_C1-C5
f3005c6e9b4e9aa4,2026-03-28,K1-K8_C1-C5
d230fe61d8ba6aeb,2026-03-28,K1-K8_C1-C5
c41cf19a7f906540,2026-03-28,K1-K8_C1-C5
dc4968100a0401f2,2026-03-28,K1-K8_C1-C5
002c46c17f277ac8,2026-03-28,K1-K8_C1-C5
5943870d7455c76e,2026-03-28,K1-K8_C1-C5
d61022e005330cde,2026-03-28,K1-K8_C1-C5
85ffdb5a43d05bcd,2026-03-28,K1-K8_C1-C5
452bb709743c67df,2026-03-28,K1-K8_C1-C5
bb6dc1c4fcfb31a6,2026-03-28,K1-K8_C1-C5
19288bd4a4f747d0,2026-03-28,K1-K8_C1-C5
d056a121db5e8792,2026-03-28,K1-K8_C1-C5
e8d9a6907753831c,2026-03-28,K1-K8_C1-C5
b927537b12ec9428,2026-03-28,K1-K8_C1-C5
57dce86737d9453d,2026-03-28,K1-K8_C1-C5
ef031488306e2f81,2026-03-28,K1-K8_C1-C5
d22ff24a87c75e39,2026-03-28,K1-K8_C1-C5
86da4af3a56f89dd,2026-03-28,K1-K8_C1-C5
c958e56393cb39f4,2026-03-28,K1-K8_C1-C5
179748be80525132,2026-03-28,K1-K8_C1-C5
5a11be0311c383bb,2026-03-28,K1-K8_C1-C5
c0977e58c4de2aa7,2026-03-28,K1-K8_C1-C5
590fcfa0a298ae12,2026-03-28,K1-K8_C1-C5
971e5c73868b3006,2026-03-28,K1-K8_C1-C5
3040cb03d4c9b200,2026-03-28,K1-K8_C1-C5
5ed8fd4bcd4ceeb5,2026-03-28,K1-K8_C1-C5
0c4680acaf494fb8,2026-03-28,K1-K8_C1-C5
8f3b41ad58c7c2f5,2026-03-28,K1-K8_C1-C5
1f3915cfaf2d381b,2026-03-28,K1-K8_C1-C5
74e18061e0e64780,2026-03-28,K1-K8_C1-C5
a369296ef00549c3,2026-03-28,K1-K8_C1-C5
38d9dc958a8b4541,2026-03-28,K1-K8_C1-C5
e1dada59b433a0fb,2026-03-28,K1-K8_C1-C5
616fab7cc2d1da73,2026-03-28,K1-K8_C1-C5
8ee40a04f8c97675,2026-03-28,K1-K8_C1-C5
86bc1f5500adf2b6,2026-03-28,K1-K8_C1-C5
a5a04bd8afe768a6,2026-03-28,K1-K8_C1-C5
e938ab6a2cd60d69,2026-03-28,K1-K8_C1-C5
0efbc58b485b04d6,2026-03-28,K1-K8_C1-C5
dc6697b1fd8a12dc,2026-03-28,K1-K8_C1-C5
7213bd75d79a8172,2026-03-28,K1-K8_C1-C5
bb2406c0ec196a02,2026-03-28,K1-K8_C1-C5
c136caa5eeceec6e,2026-03-28,K1-K8_C1-C5
83c396d5f50da4b5,2026-03-28,K1-K8_C1-C5
04fa8ec20f2655a6,2026-03-28,K1-K8_C1-C5
e348948ee29e6c78,2026-03-28,K1-K8_C1-C5
18a5058a7d7d912c,2026-03-28,K1-K8_C1-C5
88812970b0d728d7,2026-03-28,K1-K8_C1-C5
9c5115bcf4ea401b,2026-03-28,K1-K8_C1-C5
322cf357044cf46f,2026-03-28,K1-K8_C1-C5
6469238a0d42caf9,2026-03-28,K1-K8_C1-C5
f99fd89be80897ec,2026-03-28,K1-K8_C1-C5
31d534ff9c53cc84,2026-03-28,K1-K8_C1-C5
e62ce13cfad28074,2026-03-28,K1-K8_C1-C5
e30d2b2738727a56,2026-03-28,K1-K8_C1-C5
6cee743b8e2bea65,2026-03-28,K1-K8_C1-C5
87cdfd50375cf3cd,2026-03-28,K1-K8_C1-C5
79aeb870a042af4d,2026-03-28,K1-K8_C1-C5
093f56134ccb8b5d,2026-03-28,K1-K8_C1-C5
43cc2e768253e508,2026-03-28,K1-K8_C1-C5
883f07627aad16d7,2026-03-28,K1-K8_C1-C5
6581e69ae0e704ab,2026-03-28,K1-K8_C1-C5
97063b7dbbe168cd,2026-03-28,K1-K8_C1-C5
705d9831620b387f,2026-03-28,K1-K8_C1-C5
4167ed5ce28aa37e,2026-03-28,K1-K8_C1-C5
2277588d702b3416,2026-03-28,K1-K8_C1-C5
e293c55bd9e36556,2026-03-28,K1-K8_C1-C5
c7d8e6b3619eeb09,2026-03-28,K1-K8_C1-C5
c6094c8522d5a508,2026-03-28,K1-K8_C1-C5
82ff69b739fcae43,2026-03-28,K1-K8_C1-C5
ff5dc58f25d40525,2026-03-28,K1-K8_C1-C5
24fb3941d20f9bcd,2026-03-28,K1-K8_C1-C5
19e5be65c91a16d5,2026-03-28,K1-K8_C1-C5
8b2eb7904d71d877,2026-03-28,K1-K8_C1-C5
dbe47ce6277c4645,2026-03-28,K1-K8_C1-C5
3e0f2cd127096d4d,2026-03-28,K1-K8_C1-C5
4bc8be8cc6d751bb,2026-03-28,K1-K8_C1-C5
ed3b6df24974b587,2026-03-28,K1-K8_C1-C5
7081592ea981632c,2026-03-28,K1-K8_C1-C5
03b91ff654625949,2026-03-28,K1-K8_C1-C5
babd542d9e31005c,2026-03-28,K1-K8_C1-C5
9698cb945a4eb5b5,2026-03-28,K1-K8_C1-C5
07caaf85a7444950,2026-03-28,K1-K8_C1-C5
19d888c22c9d1615,2026-03-28,K1-K8_C1-C5
4ab5199a6b70bd10,2026-03-28,K1-K8_C1-C5
d62a84db3dae5976,2026-03-28,K1-K8_C1-C5
fa99811062838617,2026-03-28,K1-K8_C1-C5
76054d3bffb71580,2026-03-28,K1-K8_C1-C5
85620330ed960d5a,2026-03-28,K1-K8_C1-C5
d9bd546c4e79a652,2026-03-28,K1-K8_C1-C5
ec92a37c4f80707a,2026-03-28,K1-K8_C1-C5
4c0fa9203933e3d3,2026-03-28,K1-K8_C1-C5
897f6338be71923f,2026-03-28,K1-K8_C1-C5
5dfa24b6dc9c8972,2026-03-28,K1-K8_C1-C5
b0c19a3102e527e8,2026-03-28,K1-K8_C1-C5
f69432bb0aa67d41,2026-03-28,K1-K8_C1-C5
c4763e02883be9c1,2026-03-28,K1-K8_C1-C5
c5fa1465fd15bb8f,2026-03-28,K1-K8_C1-C5
bdee6a9c9d574969,2026-03-28,K1-K8_C1-C5
c50f62b291c84924,2026-03-28,K1-K8_C1-C5
1aa149e79dec98c8,2026-03-28,K1-K8_C1-C5
1291d9db54312647,2026-03-28,K1-K8_C1-C5
22c9fa99df3e658b,2026-03-28,K1-K8_C1-C5
b1954e14e5bc1d8c,2026-03-28,K1-K8_C1-C5
26ecf16a9adbb178,2026-03-28,K1-K8_C1-C5
c5383ca7a77454cc,2026-03-28,K1-K8_C1-C5
2c6a9fabcdba69ae,2026-03-28,K1-K8_C1-C5
408c5d0bebecf53c,2026-03-28,K1-K8_C1-C5
e44f73dca24013dd,2026-03-28,K1-K8_C1-C5
ccd5907ed1b088ad,2026-03-28,K1-K8_C1-C5
e5a5e678ee4012d5,2026-03-28,K1-K8_C1-C5
af610f272964d1b8,2026-03-28,K1-K8_C1-C5
b75adff01b358048,2026-03-28,K1-K8_C1-C5
c0d16fa6ff279f0e,2026-03-28,K1-K8_C1-C5
f17257e3385de83b,2026-03-28,K1-K8_C1-C5
6f56760db4e2973f,2026-03-28,K1-K8_C1-C5
a11881027290f526,2026-03-28,K1-K8_C1-C5
055637e11ca47597,2026-03-28,K1-K8_C1-C5
c9a509d9d157e6c4,2026-03-28,K1-K8_C1-C5
b4cf95f0b6a7e8ee,2026-03-28,K1-K8_C1-C5
eab70e9a34c7342a,2026-03-28,K1-K8_C1-C5
4a69c1f445a4a850,2026-03-28,K1-K8_C1-C5
225b5e54499d7bef,2026-03-28,K1-K8_C1-C5
f7a28fbde830cc27,2026-03-28,K1-K8_C1-C5
264a39838338450a,2026-03-28,K1-K8_C1-C5
e6a845e1b8015ec2,2026-03-28,K1-K8_C1-C5
00988ccaf561b7cf,2026-03-28,K1-K8_C1-C5
c7a68532c340a831,2026-03-28,K1-K8_C1-C5
74366d5bbf082c78,2026-03-28,K1-K8_C1-C5
ff0800fc2d600343,2026-03-28,K1-K8_C1-C5
a083b02d5c96d8af,2026-03-28,K1-K8_C1-C5
be4032bbe5b0a942,2026-03-28,K1-K8_C1-C5
f426808583fcc22e,2026-03-28,K1-K8_C1-C5
390b93ceed7e86f2,2026-03-28,K1-K8_C1-C5
71920689375d7fd5,2026-03-28,K1-K8_C1-C5
686276a2f01a48c1,2026-03-28,K1-K8_C1-C5
8d9f5ecc1927338d,2026-03-28,K1-K8_C1-C5
3a2d420ad065c733,2026-03-28,K1-K8_C1-C5
fd86a2cf0d257827,2026-03-28,K1-K8_C1-C5
10e6c7249cfcf195,2026-03-28,K1-K8_C1-C5
2ef5af5b74180fa5,2026-03-28,K1-K8_C1-C5
727af2cfe2f9d054,2026-03-28,K1-K8_C1-C5
ce018a42cd42e0f9,2026-03-28,K1-K8_C1-C5
b39fa76398dacc8c,2026-03-28,K1-K8_C1-C5
54f487c9ea84204f,2026-03-28,K1-K8_C1-C5
9a6f3957eadfec1d,2026-03-28,K1-K8_C1-C5
c8a17b4ae73f10ed,2026-03-28,K1-K8_C1-C5
337d6d82357cf765,2026-03-28,K1-K8_C1-C5
ee9b5a1119173fdb,2026-03-28,K1-K8_C1-C5
61d8f504413e3ac7,2026-03-28,K1-K8_C1-C5
542261e5d2654b92,2026-03-28,K1-K8_C1-C5
c00e2e3cc4acb5ef,2026-03-28,K1-K8_C1-C5
21061f7a6883fece,2026-03-28,K1-K8_C1-C5
fa88423e07673d4a,2026-03-28,K1-K8_C1-C5
b09174e3abb99255,2026-03-28,K1-K8_C1-C5
12910590447c05ad,2026-03-28,K1-K8_C1-C5
99893088ada8f7bb,2026-03-28,K1-K8_C1-C5
f95d3140c468c8de,2026-03-28,K1-K8_C1-C5
db62780afdafb7ba,2026-03-28,K1-K8_C1-C5
2e6d64681fad9c7a,2026-03-28,K1-K8_C1-C5
cab2f301199d31b1,2026-03-28,K1-K8_C1-C5
2e2633ad6dd01f34,2026-03-28,K1-K8_C1-C5
8ca385eac9fc1c3a,2026-03-28,K1-K8_C1-C5
9d11fb44affeb63b,2026-03-28,K1-K8_C1-C5
579fe99ec776a3bf,2026-03-28,K1-K8_C1-C5
28a897facbf85988,2026-03-28,K1-K8_C1-C5
3c77e723f3e0863d,2026-03-28,K1-K8_C1-C5
243e151852f24192,2026-03-28,K1-K8_C1-C5
00cb606917f2763b,2026-03-28,K1-K8_C1-C5
ddea299a26527932,2026-03-28,K1-K8_C1-C5
f70af45b855de480,2026-03-28,K1-K8_C1-C5
59deb6e907c89cf9,2026-03-28,K1-K8_C1-C5
881920fbb725a7ac,2026-03-28,K1-K8_C1-C5
01ad785e4e4f9272,2026-03-28,K1-K8_C1-C5
3d963547ab348f8b,2026-03-28,K1-K8_C1-C5
1a81261656aed500,2026-03-28,K1-K8_C1-C5
6e375f49cc6da0d0,2026-03-28,K1-K8_C1-C5
cfafb743fdc7a91e,2026-03-28,K1-K8_C1-C5
a525a45c1fdfe717,2026-03-28,K1-K8_C1-C5
70926c13a49c9fbd,2026-03-28,K1-K8_C1-C5
067ae66ffc6a99cd,2026-03-28,K1-K8_C1-C5
f612017e835ff00f,2026-03-28,K1-K8_C1-C5
4f963976209c4d96,2026-03-28,K1-K8_C1-C5
655022fc24440333,2026-03-28,K1-K8_C1-C5
8555962fede5a661,2026-03-28,K1-K8_C1-C5
c590c4443f44fa94,2026-03-28,K1-K8_C1-C5
c6b74e5cf775b342,2026-03-28,K1-K8_C1-C5
3040c8f8e26313bd,2026-03-28,K1-K8_C1-C5
58d542996d171980,2026-03-28,K1-K8_C1-C5
41399c738c66ee45,2026-03-28,K1-K8_C1-C5
89995db157a6233a,2026-03-28,K1-K8_C1-C5
ed82c44d074b7be6,2026-03-28,K1-K8_C1-C5
f5a37f421469cc2b,2026-03-28,K1-K8_C1-C5
1e6f83aad52a76be,2026-03-28,K1-K8_C1-C5
dac97fa1f38ab4ba,2026-03-28,K1-K8_C1-C5
ec9b3867deff32a1,2026-03-28,K1-K8_C1-C5
e4fe6a8b7c5f5e51,2026-03-28,K1-K8_C1-C5
0050df7489662f12,2026-03-28,K1-K8_C1-C5
8c3f71956c79f8d5,2026-03-28,K1-K8_C1-C5
916c3921933d996a,2026-03-28,K1-K8_C1-C5
1a0a96b9cb9e97cf,2026-03-28,K1-K8_C1-C5
0bf4041f8bc0ebb2,2026-03-28,K1-K8_C1-C5
d53617cdafe31e7c,2026-03-28,K1-K8_C1-C5
40e7f7abe2bdf205,2026-03-28,K1-K8_C1-C5
75d54a1ecdd2aea5,2026-03-28,K1-K8_C1-C5
746b5d57c070e40c,2026-03-28,K1-K8_C1-C5
f48d618f7e98aa52,2026-03-28,K1-K8_C1-C5
ac48ca528359f9dc,2026-03-28,K1-K8_C1-C5
cf35f014c63d655d,2026-03-28,K1-K8_C1-C5
af04ae9fe570c2bb,2026-03-28,K1-K8_C1-C5
639e315cd89b02cf,2026-03-28,K1-K8_C1-C5
f71f6a1591c0ccff,2026-03-28,K1-K8_C1-C5
0907577bdfe52677,2026-03-28,K1-K8_C1-C5
3c4dd4863a99a1f4,2026-03-28,K1-K8_C1-C5
58cd08433eb6cca9,2026-03-28,K1-K8_C1-C5
44161ccddecc97fe,2026-03-28,K1-K8_C1-C5
bbd39c93a94851bb,2026-03-28,K1-K8_C1-C5
4a3178079eb0a03d,2026-03-28,K1-K8_C1-C5
8e4749c8bba469f3,2026-03-28,K1-K8_C1-C5
4d0622d3b33b75f4,2026-03-28,K1-K8_C1-C5
53af68e44ce6465c,2026-03-28,K1-K8_C1-C5
cba1293d3f975e3b,2026-03-28,K1-K8_C1-C5
506e975b8c882318,2026-03-28,K1-K8_C1-C5
9cc6631ff58d9ecd,2026-03-28,K1-K8_C1-C5
17870d810cdce2d0,2026-03-28,K1-K8_C1-C5
49abf704cbc8236e,2026-03-28,K1-K8_C1-C5
94b80488f8aeb65f,2026-03-28,K1-K8_C1-C5
04456bcd41f604e2,2026-03-28,K1-K8_C1-C5
6aed81b31bfd694b,2026-03-28,K1-K8_C1-C5
37821169a32741f9,2026-03-28,K1-K8_C1-C5
c21ca2e2e656e86b,2026-03-28,K1-K8_C1-C5
3f51862cd698e931,2026-03-28,K1-K8_C1-C5
7516bc3d42cdde89,2026-03-28,K1-K8_C1-C5
a56a13c0f784b20f,2026-03-28,K1-K8_C1-C5
9c16b598a480cf01,2026-03-28,K1-K8_C1-C5
2ab2d4d1d563aff7,2026-03-28,K1-K8_C1-C5
f15983ad37576061,2026-03-28,K1-K8_C1-C5
f23739c02d4a07e3,2026-03-28,K1-K8_C1-C5
b55bb4fe5e721809,2026-03-28,K1-K8_C1-C5
5017d70cb3569c59,2026-03-28,K1-K8_C1-C5
62f95d0103c3b949,2026-03-28,K1-K8_C1-C5
0a69beaac4664933,2026-03-28,K1-K8_C1-C5
7fd8e01f0cfbf916,2026-03-28,K1-K8_C1-C5
77fe0b23a9af8601,2026-03-28,K1-K8_C1-C5
86e9c6ed1c0ccf1f,2026-03-28,K1-K8_C1-C5
a9da506b6e1cc5c1,2026-03-28,K1-K8_C1-C5
8eeb289531b7d07b,2026-03-28,K1-K8_C1-C5
32884a89406f30c7,2026-03-28,K1-K8_C1-C5
9752dcf000c775a7,2026-03-28,K1-K8_C1-C5
e1b6a7fb883f83fc,2026-03-28,K1-K8_C1-C5
a8d256b8ac3cf5dd,2026-03-28,K1-K8_C1-C5
ca51c41f88e748b7,2026-03-28,K1-K8_C1-C5
812a9eb35f301e10,2026-03-28,K1-K8_C1-C5
1e54b49f50c5bb6b,2026-03-28,K1-K8_C1-C5
de947290ab1fc98b,2026-03-28,K1-K8_C1-C5
16c9f3a881b77bab,2026-03-28,K1-K8_C1-C5
e4817a7c2ba9ba46,2026-03-28,K1-K8_C1-C5
9be0550f725a7e1a,2026-03-28,K1-K8_C1-C5
887deea288f4fd6c,2026-03-28,K1-K8_C1-C5
618f3a5a6644c373,2026-03-28,K1-K8_C1-C5
5f7fe791fadd9b38,2026-03-28,K1-K8_C1-C5
b61e6aa5883d1bb9,2026-03-28,K1-K8_C1-C5
04ff87b461ae2681,2026-03-28,K1-K8_C1-C5
b36da75395f6bcd4,2026-03-28,K1-K8_C1-C5
1dece901c7ee5823,2026-03-28,K1-K8_C1-C5
89da2f526d7f9b37,2026-03-28,K1-K8_C1-C5
23464bd9e96a261a,2026-03-28,K1-K8_C1-C5
37a13739f4b8215c,2026-03-28,K1-K8_C1-C5
31d550e951c4f958,2026-03-28,K1-K8_C1-C5
ab24d7fe6031ff9f,2026-03-28,K1-K8_C1-C5
8c9b0787b6effca7,2026-03-28,K1-K8_C1-C5
deb08439018f2eb9,2026-03-28,K1-K8_C1-C5
f27a22c4f9a424c2,2026-03-28,K1-K8_C1-C5
debf613efd6eafc4,2026-03-28,K1-K8_C1-C5
c55418772f6a494c,2026-03-28,K1-K8_C1-C5
db48f17e83d854a3,2026-03-28,K1-K8_C1-C5
f7ece6b35bdd6e7d,2026-03-28,K1-K8_C1-C5
968a9f8518336dd8,2026-03-28,K1-K8_C1-C5
5842d92fb58574de,2026-03-28,K1-K8_C1-C5
856b19edfb06fa28,2026-03-28,K1-K8_C1-C5
8a27ee7b694f493c,2026-03-28,K1-K8_C1-C5
9010443205a88875,2026-03-28,K1-K8_C1-C5
50b0b18e9b6ed7f4,2026-03-28,K1-K8_C1-C5
dae1bee9334b1a05,2026-03-28,K1-K8_C1-C5
e95b96186c7be254,2026-03-28,K1-K8_C1-C5
b8417bf98af5fee9,2026-03-28,K1-K8_C1-C5
a939249b264d7cc5,2026-03-28,K1-K8_C1-C5
5437a4a8eefb014c,2026-03-28,K1-K8_C1-C5
88dde3ce63e902d0,2026-03-28,K1-K8_C1-C5
b6bc58830236ae0b,2026-03-28,K1-K8_C1-C5
77b06af047874fb5,2026-03-28,K1-K8_C1-C5
edc8771b58bcd5d7,2026-03-28,K1-K8_C1-C5
8609f3173c0f2e2f,2026-03-28,K1-K8_C1-C5
7e1e1260190b8070,2026-03-28,K1-K8_C1-C5
9df98ca1c401f01e,2026-03-28,K1-K8_C1-C5
2761c978977029e0,2026-03-28,K1-K8_C1-C5
bf29d792b0faa482,2026-03-28,K1-K8_C1-C5
57a9d77ae3a056e8,2026-03-28,K1-K8_C1-C5
5d52408f8603beec,2026-03-28,K1-K8_C1-C5
cc9cf2e8819c0593,2026-03-28,K1-K8_C1-C5
8310b4740a112202,2026-03-28,K1-K8_C1-C5
8f663f7361b15001,2026-03-28,K1-K8_C1-C5
22d834fd12e9df8e,2026-03-28,K1-K8_C1-C5
0eec664f23563d84,2026-03-28,K1-K8_C1-C5
ecb2bf713807d147,2026-03-28,K1-K8_C1-C5
6bbd0f46a9eae07c,2026-03-28,K1-K8_C1-C5
94fbb756acaf7dd5,2026-03-28,K1-K8_C1-C5
01be87a5645d6af0,2026-03-28,K1-K8_C1-C5
8f99ae75876d104e,2026-03-28,K1-K8_C1-C5
9b0e3275eae5a492,2026-03-28,K1-K8_C1-C5
033f4f622011fa70,2026-03-28,K1-K8_C1-C5
8c0c01af8be18933,2026-03-28,K1-K8_C1-C5
e3b4f81b73f17389,2026-03-28,K1-K8_C1-C5
cac8bf58274adf16,2026-03-28,K1-K8_C1-C5
7b49605d65eddb99,2026-03-28,K1-K8_C1-C5
f72fef4b65d49e27,2026-03-28,K1-K8_C1-C5
96096bc1d8a6fd05,2026-03-28,K1-K8_C1-C5
af043745a63ebccc,2026-03-28,K1-K8_C1-C5
72fa6f6a9f366d96,2026-03-28,K1-K8_C1-C5
09192f6af94cee15,2026-03-28,K1-K8_C1-C5
4a68b2de0e3fe556,2026-03-28,K1-K8_C1-C5
8d07bd008b8bf219,2026-03-28,K1-K8_C1-C5
c178a339903ec49c,2026-03-28,K1-K8_C1-C5
d12e6e4fc357570e,2026-03-28,K1-K8_C1-C5
48d9617671020d25,2026-03-28,K1-K8_C1-C5
39abcadde4a84f01,2026-03-28,K1-K8_C1-C5
fcc896d8c246838a,2026-03-28,K1-K8_C1-C5
cc3ebe82414c3499,2026-03-28,K1-K8_C1-C5
9eb30f080b029400,2026-03-28,K1-K8_C1-C5
c8089297fdc262b3,2026-03-28,K1-K8_C1-C5
72d69ff45c342bb9,2026-03-28,K1-K8_C1-C5
e39fafa377a1f7da,2026-03-28,K1-K8_C1-C5
9cd8d0847495b0be,2026-03-28,K1-K8_C1-C5
95571121ed19031d,2026-03-28,K1-K8_C1-C5
4550dbb7a0238c12,2026-03-28,K1-K8_C1-C5
43497027f5e7a60d,2026-03-28,K1-K8_C1-C5
6f841e5096452bb6,2026-03-28,K1-K8_C1-C5
fa819bcf63d41e81,2026-03-28,K1-K8_C1-C5
6d29e70c976b6fee,2026-03-28,K1-K8_C1-C5
c18c6b6b5eb0a711,2026-03-28,K1-K8_C1-C5
1bffcc10fbc3e67c,2026-03-28,K1-K8_C1-C5
2c724cd9344fbc94,2026-03-28,K1-K8_C1-C5
476d0865a7aea38d,2026-03-28,K1-K8_C1-C5
126076111f65966d,2026-03-28,K1-K8_C1-C5
1330312a9f0feebe,2026-03-28,K1-K8_C1-C5
34d867073ce07058,2026-03-28,K1-K8_C1-C5
0ea31e1f9d6c769c,2026-03-28,K1-K8_C1-C5
8b925353ef7484c2,2026-03-28,K1-K8_C1-C5
01e43d1437577069,2026-03-28,K1-K8_C1-C5
15a1d8b727b511a1,2026-03-28,K1-K8_C1-C5
b4fc427e4fb688c0,2026-03-28,K1-K8_C1-C5
3ccc8aa970992170,2026-03-28,K1-K8_C1-C5
41c603ef1ab2f176,2026-03-28,K1-K8_C1-C5
3cd0c8c53bc0ca5b,2026-03-28,K1-K8_C1-C5
00f4938eafeceae5,2026-03-28,K1-K8_C1-C5
5fc7761118ab1756,2026-03-28,K1-K8_C1-C5
561ba07790c351e5,2026-03-28,K1-K8_C1-C5
506c26ef0bf56f18,2026-03-28,K1-K8_C1-C5
88ad1ff8d2b3829a,2026-03-28,K1-K8_C1-C5
27c8582cb35fe8fe,2026-03-28,K1-K8_C1-C5
661ea52d5e256f24,2026-03-28,K1-K8_C1-C5
f0b38f8b874133d2,2026-03-28,K1-K8_C1-C5
1ed531b71970893b,2026-03-28,K1-K8_C1-C5
e36f462cf121967c,2026-03-28,K1-K8_C1-C5
8e4cf1ae516dc0b1,2026-03-28,K1-K8_C1-C5
6fcd22e35fbdf43d,2026-03-28,K1-K8_C1-C5
c9fc76ab7dee510e,2026-03-28,K1-K8_C1-C5
f884a61ed4afc24f,2026-03-28,K1-K8_C1-C5
a84598edc8d24638,2026-03-28,K1-K8_C1-C5
6ad6e2561906f50f,2026-03-28,K1-K8_C1-C5
76c264991a34e909,2026-03-28,K1-K8_C1-C5
2934bd3a4e6f3310,2026-03-28,K1-K8_C1-C5
611fe5cd361437d1,2026-03-28,K1-K8_C1-C5
2f9db9521be4ede8,2026-03-28,K1-K8_C1-C5
3f3942b212929f27,2026-03-28,K1-K8_C1-C5
3a9b1a9bf4238bd5,2026-03-28,K1-K8_C1-C5
152e62c34da76f07,2026-03-28,K1-K8_C1-C5
4eab01fa799b3060,2026-03-28,K1-K8_C1-C5
b08c0cc492eed5ac,2026-03-28,K1-K8_C1-C5
57e5d506cc5c9f16,2026-03-28,K1-K8_C1-C5
2b5930cdd7b198b2,2026-03-28,K1-K8_C1-C5
5039a19db1c6601c,2026-03-28,K1-K8_C1-C5
d9734ff15484dc6f,2026-03-28,K1-K8_C1-C5
ce8ecab003dad9a3,2026-03-28,K1-K8_C1-C5
bf360e266dc5262e,2026-03-28,K1-K8_C1-C5
db99fa4216535573,2026-03-28,K1-K8_C1-C5
3b0cd6c9d48d6f9a,2026-03-28,K1-K8_C1-C5
1738ef5e2dd394ce,2026-03-28,K1-K8_C1-C5
f3efab4c0ab16ff5,2026-03-28,K1-K8_C1-C5
ae77ad71311af342,2026-03-28,K1-K8_C1-C5
1c5362dc64125c4b,2026-03-28,K1-K8_C1-C5
e319f0f44a39729b,2026-03-28,K1-K8_C1-C5
4b9aec64ce7ca6de,2026-03-28,K1-K8_C1-C5
8fe16863127ebbf8,2026-03-28,K1-K8_C1-C5
8f16a043ed8e1039,2026-03-28,K1-K8_C1-C5
2ec7a20fb1900971,2026-03-28,K1-K8_C1-C5
9f6bb6442287fd59,2026-03-28,K1-K8_C1-C5
adacbbab418b236e,2026-03-28,K1-K8_C1-C5
9f3f4dd25f7381f0,2026-03-28,K1-K8_C1-C5
7331589b3caf41d3,2026-03-28,K1-K8_C1-C5
c4c2c497d57f0436,2026-03-28,K1-K8_C1-C5
d15f77ecb60fca3e,2026-03-28,K1-K8_C1-C5
22ec6ecc99735b6b,2026-03-28,K1-K8_C1-C5
79af734c671ce5c3,2026-03-28,K1-K8_C1-C5
66784b4067b23736,2026-03-28,K1-K8_C1-C5
a5dc7714ea9f44a7,2026-03-28,K1-K8_C1-C5
3cbc4c429cd482cb,2026-03-28,K1-K8_C1-C5
9d95f354d4b8d79a,2026-03-28,K1-K8_C1-C5
e83e35a14cc4fef7,2026-03-28,K1-K8_C1-C5
5741d9afaa6f5754,2026-03-28,K1-K8_C1-C5
cca6961c98d48bdb,2026-03-28,K1-K8_C1-C5
15f2db882092d77e,2026-03-28,K1-K8_C1-C5
8849864a55b75c6c,2026-03-28,K1-K8_C1-C5
2dae3a32863e9bd8,2026-03-28,K1-K8_C1-C5
54588e9ee7de7a04,2026-03-28,K1-K8_C1-C5
fc6b2fbaf6f38c21,2026-03-28,K1-K8_C1-C5
d07fc380e2d22f44,2026-03-28,K1-K8_C1-C5
2b86bdb89ff35241,2026-03-28,K1-K8_C1-C5
eeb12703c91813a9,2026-03-28,K1-K8_C1-C5
0575e4748109e372,2026-03-28,K1-K8_C1-C5
075ee080b34fe725,2026-03-28,K1-K8_C1-C5
42ad785891f85b9a,2026-03-28,K1-K8_C1-C5
b0aeb394e9276c0d,2026-03-28,K1-K8_C1-C5
a985cd3778fc5d4c,2026-03-28,K1-K8_C1-C5
1c5f90ad20bd005d,2026-03-28,K1-K8_C1-C5
cad4886dbefd3493,2026-03-28,K1-K8_C1-C5
1ff6d1ebcf80378a,2026-03-28,K1-K8_C1-C5
609e2db0e86fed48,2026-03-28,K1-K8_C1-C5
1b72c572201e8d4a,2026-03-28,K1-K8_C1-C5
8ea0c600b8248dd5,2026-03-28,K1-K8_C1-C5
d598d2a93b7ab95a,2026-03-28,K1-K8_C1-C5
432c0a050d183cf9,2026-03-28,K1-K8_C1-C5
433342a7deef8c6a,2026-03-28,K1-K8_C1-C5
86a7473a6b61650e,2026-03-28,K1-K8_C1-C5
f6f15a8fef0851bd,2026-03-28,K1-K8_C1-C5
2c292e832133ee5f,2026-03-28,K1-K8_C1-C5
dee04274bfba9d82,2026-03-28,K1-K8_C1-C5
964c4ef21e03bfbd,2026-03-28,K1-K8_C1-C5
536e6dfa57102c98,2026-03-28,K1-K8_C1-C5
35eab193b14451bf,2026-03-28,K1-K8_C1-C5
beeee6455c7cd18a,2026-03-28,K1-K8_C1-C5
a6a140351db45b66,2026-03-28,K1-K8_C1-C5
32e2ecb3fc31ad62,2026-03-28,K1-K8_C1-C5
7deb63ba366a470e,2026-03-28,K1-K8_C1-C5
9cee0d3696f4de94,2026-03-28,K1-K8_C1-C5
73a7142cf12ea40c,2026-03-28,K1-K8_C1-C5
7f716e6d630e5f40,2026-03-28,K1-K8_C1-C5
15f009eb8566e731,2026-03-28,K1-K8_C1-C5
ad71e75e600a2075,2026-03-28,K1-K8_C1-C5
d405ec98bb42980e,2026-03-28,K1-K8_C1-C5
85a70da3e4bb759c,2026-03-28,K1-K8_C1-C5
6076b85e05d86955,2026-03-28,K1-K8_C1-C5
9f7ca6653d87fbc0,2026-03-28,K1-K8_C1-C5
0442b6ac792296aa,2026-03-28,K1-K8_C1-C5
50ca2762d633a100,2026-03-28,K1-K8_C1-C5
ed0ec72ab49da436,2026-03-28,K1-K8_C1-C5
9f3c56d870826909,2026-03-28,K1-K8_C1-C5
0fab5760f8c14bf8,2026-03-28,K1-K8_C1-C5
a19a599390b5200e,2026-03-28,K1-K8_C1-C5
1b770cda93741dd8,2026-03-28,K1-K8_C1-C5
13b0cb6fe29f3dcc,2026-03-28,K1-K8_C1-C5
f35b72d2da3c4bb3,2026-03-28,K1-K8_C1-C5
05e3e6078fd56b78,2026-03-28,K1-K8_C1-C5
f3baebd7c33a5274,2026-03-28,K1-K8_C1-C5
56ef9c1e9e00c2ce,2026-03-28,K1-K8_C1-C5
57ab1a3bdca0976f,2026-03-28,K1-K8_C1-C5
ecb75f9e67d9f2af,2026-03-28,K1-K8_C1-C5
7eaf39c7b3eacdeb,2026-03-28,K1-K8_C1-C5
045b357d19973576,2026-03-28,K1-K8_C1-C5
0aa2e3238ac8bde1,2026-03-28,K1-K8_C1-C5
897b336b487468fb,2026-03-28,K1-K8_C1-C5
91529ae96249a138,2026-03-28,K1-K8_C1-C5
ddcdf1798c280e15,2026-03-28,K1-K8_C1-C5
aa6fa7991e655e8b,2026-03-28,K1-K8_C1-C5
a81ffa3bb569dfe5,2026-03-28,K1-K8_C1-C5
74d245bfd10d5bc5,2026-03-28,K1-K8_C1-C5
cb1e35ada4836462,2026-03-28,K1-K8_C1-C5
5a1e39413eae0807,2026-03-28,K1-K8_C1-C5
a5931a0a35f2927d,2026-03-28,K1-K8_C1-C5
78c94a48394a6b68,2026-03-28,K1-K8_C1-C5
83cd2a4f668d69f3,2026-03-28,K1-K8_C1-C5
11362703b2f3e53d,2026-03-28,K1-K8_C1-C5
47ddf7ab5c463a01,2026-03-28,K1-K8_C1-C5
1ff52e8a3d7efd66,2026-03-28,K1-K8_C1-C5
95f5cb0fd5a81538,2026-03-28,K1-K8_C1-C5
4dff99be848508d9,2026-03-28,K1-K8_C1-C5
b0ef21550512429c,2026-03-28,K1-K8_C1-C5
e70e9ce42f487ebd,2026-03-28,K1-K8_C1-C5
ed04c523fcb492c0,2026-03-28,K1-K8_C1-C5
9ab128a01b9f097b,2026-03-28,K1-K8_C1-C5
026d2edbbfcaa9b7,2026-03-28,K1-K8_C1-C5
9f84f23d379e42ea,2026-03-28,K1-K8_C1-C5
77f2fd90aa422478,2026-03-28,K1-K8_C1-C5
3937c651e19e9fef,2026-03-28,K1-K8_C1-C5
4f393be6efd8f6c3,2026-03-28,K1-K8_C1-C5
c6e6bea247718ca9,2026-03-28,K1-K8_C1-C5
b583338d57946698,2026-03-28,K1-K8_C1-C5
c93500417ef3e005,2026-03-28,K1-K8_C1-C5
2c8c8d63a1b922a6,2026-03-28,K1-K8_C1-C5
8b5cd453778e1399,2026-03-28,K1-K8_C1-C5
3301724340304ba3,2026-03-28,K1-K8_C1-C5
f10100e45f6281da,2026-03-28,K1-K8_C1-C5
f122d4b93f57ce86,2026-03-28,K1-K8_C1-C5
a968560f8de367b7,2026-03-28,K1-K8_C1-C5
740c8ce8ce2d921b,2026-03-28,K1-K8_C1-C5
e5612475fee09bd7,2026-03-28,K1-K8_C1-C5
000aa03d0ee358d2,2026-03-28,K1-K8_C1-C5
167667731a1a0953,2026-03-28,K1-K8_C1-C5
c5f802bebf4b6e89,2026-03-28,K1-K8_C1-C5
8f6c22012265f31d,2026-03-28,K1-K8_C1-C5
d57f89ab5389916d,2026-03-28,K1-K8_C1-C5
30974ba51172ca11,2026-03-28,K1-K8_C1-C5
a69821a6d5fcf662,2026-03-28,K1-K8_C1-C5
d6cd45a66b8cda53,2026-03-28,K1-K8_C1-C5
7eb81ea9c4a82ce9,2026-03-28,K1-K8_C1-C5
417c486d028713e5,2026-03-28,K1-K8_C1-C5
a7e95985149290d0,2026-03-28,K1-K8_C1-C5
d9ee908893be4338,2026-03-28,K1-K8_C1-C5
20f8cf6d74edb085,2026-03-28,K1-K8_C1-C5
acf79e3230efc211,2026-03-28,K1-K8_C1-C5
7d9befdb88cb35d5,2026-03-28,K1-K8_C1-C5
3ca0bd7f88595720,2026-03-28,K1-K8_C1-C5
8350f72e22a6026a,2026-03-28,K1-K8_C1-C5
eb6961bce64449b1,2026-03-28,K1-K8_C1-C5
79352e9638d41c47,2026-03-28,K1-K8_C1-C5
a46e28f228497d50,2026-03-28,K1-K8_C1-C5
896a05bf23c3a525,2026-03-28,K1-K8_C1-C5
cdd0404a79017c5d,2026-03-28,K1-K8_C1-C5
3a7e19983dabef19,2026-03-28,K1-K8_C1-C5
5c7b1d8f3672c07f,2026-03-28,K1-K8_C1-C5
ce00fb09f97320f7,2026-03-28,K1-K8_C1-C5
111d20509e005d03,2026-03-28,K1-K8_C1-C5
b2b476ba111a4544,2026-03-28,K1-K8_C1-C5
dfe1fef47b471b96,2026-03-28,K1-K8_C1-C5
ea2d292f52b2bb18,2026-03-28,K1-K8_C1-C5
84d7d71763418bcf,2026-03-28,K1-K8_C1-C5
b5e7bd18140b4e33,2026-03-28,K1-K8_C1-C5
402bb7c45f5132d0,2026-03-28,K1-K8_C1-C5
563dcf8f2f4b6626,2026-03-28,K1-K8_C1-C5
d6dd9ed235e9aee7,2026-03-28,K1-K8_C1-C5
41d06b2e0fde6f44,2026-03-28,K1-K8_C1-C5
d612a0d86a3d889d,2026-03-28,K1-K8_C1-C5
98323fae11a11c13,2026-03-28,K1-K8_C1-C5
e09e0bc16ec2858d,2026-03-28,K1-K8_C1-C5
6d5ede6f35534b65,2026-03-28,K1-K8_C1-C5
0f28a887debc0534,2026-03-28,K1-K8_C1-C5
3abf8fc82518a76f,2026-03-28,K1-K8_C1-C5
627d9d955358873d,2026-03-28,K1-K8_C1-C5
4a52281703eefdb0,2026-03-28,K1-K8_C1-C5
b57524849fcb6103,2026-03-28,K1-K8_C1-C5
56e734dd3b52b5f0,2026-03-28,K1-K8_C1-C5
7571b2fbb6a0fd9a,2026-03-28,K1-K8_C1-C5
1855881f942b3703,2026-03-28,K1-K8_C1-C5
2b08a0c92123ba2b,2026-03-28,K1-K8_C1-C5
a8384467b0650e21,2026-03-28,K1-K8_C1-C5
88c3e2f2f8bb5e4e,2026-03-28,K1-K8_C1-C5
11771cb1f4939ef9,2026-03-28,K1-K8_C1-C5
36c7afa99de64b22,2026-03-28,K1-K8_C1-C5
83a3e28287cedb0a,2026-03-28,K1-K8_C1-C5
988cde9fb3018474,2026-03-28,K1-K8_C1-C5
cca034a160d6908b,2026-03-28,K1-K8_C1-C5
4757eebb09a57515,2026-03-28,K1-K8_C1-C5
d6b42c5efdac4eda,2026-03-28,K1-K8_C1-C5
602720f9144e3a5f,2026-03-28,K1-K8_C1-C5
312665113612013f,2026-03-28,K1-K8_C1-C5
cc9f3dea83beb2ee,2026-03-28,K1-K8_C1-C5
722a381fda6df62b,2026-03-28,K1-K8_C1-C5
d8f532429b31be57,2026-03-28,K1-K8_C1-C5
27095adcb4251498,2026-03-28,K1-K8_C1-C5
295e68fd6b5f16fd,2026-03-28,K1-K8_C1-C5
a12d8e3fba3c5df2,2026-03-28,K1-K8_C1-C5
de5379d5d6f1d452,2026-03-28,K1-K8_C1-C5
e2b10c8a33a70b07,2026-03-28,K1-K8_C1-C5
bfa79dd1bb3e28c8,2026-03-28,K1-K8_C1-C5
557d297ebba31b24,2026-03-28,K1-K8_C1-C5
df2b4d6645822cc0,2026-03-28,K1-K8_C1-C5
78a4c1866672225c,2026-03-28,K1-K8_C1-C5
d678afbcd202e1b6,2026-03-28,K1-K8_C1-C5
524e9a80d38d78f1,2026-03-28,K1-K8_C1-C5
8a5a76f8f94459f6,2026-03-28,K1-K8_C1-C5
e7a6e5b7159f6063,2026-03-28,K1-K8_C1-C5
71263e9a6a3ec79d,2026-03-28,K1-K8_C1-C5
20a16f90c26d87f2,2026-03-28,K1-K8_C1-C5
b29da1a7a794c39e,2026-03-28,K1-K8_C1-C5
7d30fa5ec0082097,2026-03-28,K1-K8_C1-C5
b5ef8ac0f3dc6d1d,2026-03-28,K1-K8_C1-C5
4b5f080ee0800505,2026-03-28,K1-K8_C1-C5
ebf788cb8a744df7,2026-03-28,K1-K8_C1-C5
feb8a8c0292ba492,2026-03-28,K1-K8_C1-C5
7491c472d3bba074,2026-03-28,K1-K8_C1-C5
4b931662832d8820,2026-03-28,K1-K8_C1-C5
ff52cbd8b29f7478,2026-03-28,K1-K8_C1-C5
3629e723c9ce775b,2026-03-28,K1-K8_C1-C5
ba05136a35f0399a,2026-03-28,K1-K8_C1-C5
e668944f715ea4a6,2026-03-28,K1-K8_C1-C5
0814c03b50b36366,2026-03-28,K1-K8_C1-C5
254721cda6ce1aa5,2026-03-28,K1-K8_C1-C5
d1a73adcfef863e8,2026-03-28,K1-K8_C1-C5
f80e67a9f83a5913,2026-03-28,K1-K8_C1-C5
b5d6e78239b424b4,2026-03-28,K1-K8_C1-C5
ab6b5e082fd46ac5,2026-03-28,K1-K8_C1-C5
f77496f60eab7d38,2026-03-28,K1-K8_C1-C5
f9570fb0a578c38c,2026-03-28,K1-K8_C1-C5
7c10524ec0db51c7,2026-03-28,K1-K8_C1-C5
d7fbe3229e53c551,2026-03-28,K1-K8_C1-C5
f9ad7ed10048a9da,2026-03-28,K1-K8_C1-C5
868de06943985953,2026-03-28,K1-K8_C1-C5
eed1dd7e88a97cc4,2026-03-28,K1-K8_C1-C5
1c5527adccf2eebe,2026-03-28,K1-K8_C1-C5
186b2d4043658599,2026-03-28,K1-K8_C1-C5
6eb565327603fc64,2026-03-28,K1-K8_C1-C5
0363fe2466cee4d7,2026-03-28,K1-K8_C1-C5
aa4de16e7a653533,2026-03-28,K1-K8_C1-C5
aa0e642cb073acc6,2026-03-28,K1-K8_C1-C5
b42763b0b508f11b,2026-03-28,K1-K8_C1-C5
e55df98567348a47,2026-03-28,K1-K8_C1-C5
0885c198c8c1453e,2026-03-28,K1-K8_C1-C5
9d6bc228fa339cf6,2026-03-28,K1-K8_C1-C5
d46ab8eb8cfe9af9,2026-03-28,K1-K8_C1-C5
41381156b87d193c,2026-03-28,K1-K8_C1-C5
eb3f960c8a8762b6,2026-03-28,K1-K8_C1-C5
675226dc174163cd,2026-03-28,K1-K8_C1-C5
d65febd768b74592,2026-03-28,K1-K8_C1-C5
abee7ea04c64d3a8,2026-03-28,K1-K8_C1-C5
7c361b0fbcd92e9a,2026-03-28,K1-K8_C1-C5
000e1ece7f6a54fb,2026-03-28,K1-K8_C1-C5
d005535ac01212e6,2026-03-28,K1-K8_C1-C5
2153cd5c769543ae,2026-03-28,K1-K8_C1-C5
3a9a5f9cf4e590d6,2026-03-28,K1-K8_C1-C5
7063ef0e5a5e87bc,2026-03-28,K1-K8_C1-C5
a22d0ba8a371dcf6,2026-03-28,K1-K8_C1-C5
de6f0512fc80d223,2026-03-28,K1-K8_C1-C5
100ae926766e7f85,2026-03-28,K1-K8_C1-C5
50e2e6a3fd2e9c30,2026-03-28,K1-K8_C1-C5
52cec96d7e594bcd,2026-03-28,K1-K8_C1-C5
d0d6a280cfe528e5,2026-03-28,K1-K8_C1-C5
a98069a6dd207f09,2026-03-28,K1-K8_C1-C5
8a1bd06d6a347ae1,2026-03-28,K1-K8_C1-C5
836c0b89e4b92b67,2026-03-28,K1-K8_C1-C5
20c5c9d456464969,2026-03-28,K1-K8_C1-C5
6f569692e482ab72,2026-03-28,K1-K8_C1-C5
becdbab04e78732c,2026-03-28,K1-K8_C1-C5
379305dab7684e59,2026-03-28,K1-K8_C1-C5
6472e5b8f019dde5,2026-03-28,K1-K8_C1-C5
8fd15e76a033c9c2,2026-03-28,K1-K8_C1-C5
cd207a5ac2d9ea41,2026-03-28,K1-K8_C1-C5
9a2fa4905660fd88,2026-03-28,K1-K8_C1-C5
ffb39ab9ef641ca5,2026-03-28,K1-K8_C1-C5
18f8d7c1ee9c7d55,2026-03-28,K1-K8_C1-C5
cc15a3c0a28eccdf,2026-03-28,K1-K8_C1-C5
9583f5171da90c9c,2026-03-28,K1-K8_C1-C5
a8d5ff8af873db17,2026-03-28,K1-K8_C1-C5
9b0ae81a7c84ad1f,2026-03-28,K1-K8_C1-C5
4b5f925cfed92340,2026-03-28,K1-K8_C1-C5
6afea50a5a66b5a0,2026-03-28,K1-K8_C1-C5
524bba352fb37369,2026-03-28,K1-K8_C1-C5
e9aab5640f06f7d8,2026-03-28,K1-K8_C1-C5
6115f2987471632b,2026-03-28,K1-K8_C1-C5
269a0c56d095085b,2026-03-28,K1-K8_C1-C5
35372a1c33b69ff8,2026-03-28,K1-K8_C1-C5
ff3485fd50aada93,2026-03-28,K1-K8_C1-C5
d3bd8d5a9d482723,2026-03-28,K1-K8_C1-C5
efcff8060fbf469b,2026-03-28,K1-K8_C1-C5
19166a49e1b8fccc,2026-03-28,K1-K8_C1-C5
67dcde2d344754e5,2026-03-28,K1-K8_C1-C5
7632c9c6819fd7e6,2026-03-28,K1-K8_C1-C5
db41ed910e57045f,2026-03-28,K1-K8_C1-C5
abe3d4e39ef4b67a,2026-03-28,K1-K8_C1-C5
37e9881237456693,2026-03-28,K1-K8_C1-C5
7cb178e881c8703c,2026-03-28,K1-K8_C1-C5
f2ff9c1b6a5c14c1,2026-03-28,K1-K8_C1-C5
24ca0fbfc1515bab,2026-03-28,K1-K8_C1-C5
e93cd08f708711d1,2026-03-28,K1-K8_C1-C5
a0369390371720f1,2026-03-28,K1-K8_C1-C5
83962da502ffe66c,2026-03-28,K1-K8_C1-C5
a88b6d64ff173ad1,2026-03-28,K1-K8_C1-C5
693cf507e4ffe8a4,2026-03-28,K1-K8_C1-C5
cb1aeee60e1fc9c9,2026-03-28,K1-K8_C1-C5
b86b90c6624beca3,2026-03-28,K1-K8_C1-C5
b69131a3c82b6d20,2026-03-28,K1-K8_C1-C5
63a592ff483e3111,2026-03-28,K1-K8_C1-C5
5758c5e9577fef94,2026-03-28,K1-K8_C1-C5
43e3d446cae9de06,2026-03-28,K1-K8_C1-C5
4804de38f3b5db9c,2026-03-28,K1-K8_C1-C5
85c6a0a32d9e36a7,2026-03-28,K1-K8_C1-C5
87b88055d30bdfc1,2026-03-28,K1-K8_C1-C5
1ca7b6cb30e3c363,2026-03-28,K1-K8_C1-C5
8a1f8a95b02b5e04,2026-03-28,K1-K8_C1-C5
0e24e69802092860,2026-03-28,K1-K8_C1-C5
9219bd7c9439e034,2026-03-28,K1-K8_C1-C5
b05d0c5fb158802a,2026-03-28,K1-K8_C1-C5
1fe0c4f7e1221b72,2026-03-28,K1-K8_C1-C5
34165852dca313dd,2026-03-28,K1-K8_C1-C5
7a822a993017f8fd,2026-03-28,K1-K8_C1-C5
3bbf4c203d66d7c0,2026-03-28,K1-K8_C1-C5
233f6fc4a73152d3,2026-03-28,K1-K8_C1-C5
1f5b1034f8599002,2026-03-28,K1-K8_C1-C5
ece9fe39832985fd,2026-03-28,K1-K8_C1-C5
1c51aca3d2be76ea,2026-03-28,K1-K8_C1-C5
25593d8555bcb726,2026-03-28,K1-K8_C1-C5
0442ebda063bd8cd,2026-03-28,K1-K8_C1-C5
7480344bf3208e6d,2026-03-28,K1-K8_C1-C5
f80468341eee5f59,2026-03-28,K1-K8_C1-C5
1aab206e22114eb4,2026-03-28,K1-K8_C1-C5
88cff794eaf9723b,2026-03-28,K1-K8_C1-C5
b14597d99b0da462,2026-03-28,K1-K8_C1-C5
76601ae8ff63411e,2026-03-28,K1-K8_C1-C5
aeb95f43be510b57,2026-03-28,K1-K8_C1-C5
80f682927cde7d4b,2026-03-28,K1-K8_C1-C5
f5c4b6c4d99179d4,2026-03-28,K1-K8_C1-C5
9dcb105c5df2093e,2026-03-28,K1-K8_C1-C5
98ffc05e9499c03a,2026-03-28,K1-K8_C1-C5
ca5d8a22dba1b728,2026-03-28,K1-K8_C1-C5
c698e1ada20f5f19,2026-03-28,K1-K8_C1-C5
2b2eb7da67221488,2026-03-28,K1-K8_C1-C5
d5f85d1ba5b6803d,2026-03-28,K1-K8_C1-C5
874a1084fe6c74a8,2026-03-28,K1-K8_C1-C5
55797c59ef21ba9c,2026-03-28,K1-K8_C1-C5
41f9e6f59e15b77a,2026-03-28,K1-K8_C1-C5
49ab695df99c8587,2026-03-28,K1-K8_C1-C5
951dbc8fed8c2474,2026-03-28,K1-K8_C1-C5
c761213cbc113333,2026-03-28,K1-K8_C1-C5
cf0aaee03b3eddd5,2026-03-28,K1-K8_C1-C5
c65a8f6b08444ebd,2026-03-28,K1-K8_C1-C5
c908d948a3d40334,2026-03-28,K1-K8_C1-C5
bdcfedc5568ecbde,2026-03-28,K1-K8_C1-C5
0b1ed8d43eb84050,2026-03-28,K1-K8_C1-C5
028de83b2b9701c4,2026-03-28,K1-K8_C1-C5
2286bd489c42deb5,2026-03-28,K1-K8_C1-C5
a9fe38405533cd25,2026-03-28,K1-K8_C1-C5
e6787f93c8fd552a,2026-03-28,K1-K8_C1-C5
f98f6d7c05f64f1a,2026-03-28,K1-K8_C1-C5
47db4b392d88b37b,2026-03-28,K1-K8_C1-C5
bd20eb3ba70cc070,2026-03-28,K1-K8_C1-C5
0a399d8fb1f60ee2,2026-03-28,K1-K8_C1-C5
60858448800a0e8c,2026-03-28,K1-K8_C1-C5
75cb850963937152,2026-03-28,K1-K8_C1-C5
4faba7d8896a04d4,2026-03-28,K1-K8_C1-C5
d89e1cb3c8abf465,2026-03-28,K1-K8_C1-C5
4cd21bc1337e5473,2026-03-28,K1-K8_C1-C5
0447b4e820cbaa97,2026-03-28,K1-K8_C1-C5
f16bc63cda3387c5,2026-03-28,K1-K8_C1-C5
f99ed71c8291277d,2026-03-28,K1-K8_C1-C5
6fd8581a88a86a1f,2026-03-28,K1-K8_C1-C5
b6301e4fa17a850c,2026-03-28,K1-K8_C1-C5
546a48b49854d7f2,2026-03-28,K1-K8_C1-C5
3dfb1d27e3fce907,2026-03-28,K1-K8_C1-C5
2740cbf0cacc67b2,2026-03-28,K1-K8_C1-C5
5e9266c33ab789db,2026-03-28,K1-K8_C1-C5
84a5a38301abaee1,2026-03-28,K1-K8_C1-C5
f38c607534ddc7bc,2026-03-28,K1-K8_C1-C5
f8ba7a6ad18f3ffa,2026-03-28,K1-K8_C1-C5
f7686dcc9ff3154b,2026-03-28,K1-K8_C1-C5
d70bf42214d67314,2026-03-28,K1-K8_C1-C5
77dc8e5d88f15cff,2026-03-28,K1-K8_C1-C5
3dc94d00355a1c9e,2026-03-28,K1-K8_C1-C5
5697b855a2efbec1,2026-03-28,K1-K8_C1-C5
3d2f4eaaaa803890,2026-03-28,K1-K8_C1-C5
de288d913159144a,2026-03-28,K1-K8_C1-C5
6dc3dbe65fdce61f,2026-03-28,K1-K8_C1-C5
d58a8dc8dcddc98f,2026-03-28,K1-K8_C1-C5
7893ffbaffc32eb3,2026-03-28,K1-K8_C1-C5
11f502050c859fa1,2026-03-28,K1-K8_C1-C5
d651181938366c43,2026-03-28,K1-K8_C1-C5
062b023cb89359c1,2026-03-28,K1-K8_C1-C5
08af13cc0d3b4231,2026-03-28,K1-K8_C1-C5
5539c0bac08bfb52,2026-03-28,K1-K8_C1-C5
e59a4e685a5c3ca9,2026-03-28,K1-K8_C1-C5
0d8b68244e7f9856,2026-03-28,K1-K8_C1-C5
46a93b2f86935810,2026-03-28,K1-K8_C1-C5
db43e8110b3d9265,2026-03-28,K1-K8_C1-C5
6efaaf5ea6672bd5,2026-03-28,K1-K8_C1-C5
50820052ac2724e5,2026-03-28,K1-K8_C1-C5
d55a74f63ef95222,2026-03-28,K1-K8_C1-C5
6ab0e7f0674d2ac5,2026-03-28,K1-K8_C1-C5
6b189a7d2219bc2c,2026-03-28,K1-K8_C1-C5
037d66119e0f36a7,2026-03-28,K1-K8_C1-C5
2d155fc3b5a88626,2026-03-28,K1-K8_C1-C5
dac5fca3a23a8252,2026-03-28,K1-K8_C1-C5
cf0e678b192a740b,2026-03-28,K1-K8_C1-C5
d6ecfd768ebc8f87,2026-03-28,K1-K8_C1-C5
0f3dc8ea37f68ce8,2026-03-28,K1-K8_C1-C5
076aedbe128d449a,2026-03-28,K1-K8_C1-C5
ff664167ef960045,2026-03-28,K1-K8_C1-C5
2e166ceeda131019,2026-03-28,K1-K8_C1-C5
fe0788310e8c3364,2026-03-28,K1-K8_C1-C5
05dff402db14a351,2026-03-28,K1-K8_C1-C5
0916f72d6f9e843a,2026-03-28,K1-K8_C1-C5
0045aabe0a653123,2026-03-28,K1-K8_C1-C5
72d95f259ba14772,2026-03-28,K1-K8_C1-C5
c59c80fb9320694c,2026-03-28,K1-K8_C1-C5
68e06a77281746b6,2026-03-28,K1-K8_C1-C5
fbd41106ba3f90b6,2026-03-28,K1-K8_C1-C5
8c1546e40974f06e,2026-03-28,K1-K8_C1-C5
851eecf18be0b272,2026-03-28,K1-K8_C1-C5
ea3572dab19a0000,2026-03-28,K1-K8_C1-C5
fb5fbc9f8bce13cb,2026-03-28,K1-K8_C1-C5
520c780859c006c4,2026-03-28,K1-K8_C1-C5
d63b23a34f419274,2026-03-28,K1-K8_C1-C5
fff6ca6b479b073e,2026-03-28,K1-K8_C1-C5
3e38499cc069b872,2026-03-28,K1-K8_C1-C5
ad8f557b538c9f95,2026-03-28,K1-K8_C1-C5
10ef6cbc79223b15,2026-03-28,K1-K8_C1-C5
4dabdfb3fae900c4,2026-03-28,K1-K8_C1-C5
cd29fc82d9c1a832,2026-03-28,K1-K8_C1-C5
8cc21bbf5df91679,2026-03-28,K1-K8_C1-C5
0838ee92130f2e35,2026-03-28,K1-K8_C1-C5
96eefe638fd31f2e,2026-03-28,K1-K8_C1-C5
47e35d56f7e565ea,2026-03-28,K1-K8_C1-C5
e8ec5bace61cacdf,2026-03-28,K1-K8_C1-C5
976e9eff8c6e751e,2026-03-28,K1-K8_C1-C5
cd83c72d350139b0,2026-03-28,K1-K8_C1-C5
47f499da1ee0536a,2026-03-28,K1-K8_C1-C5
0d7ff53fb2182e3c,2026-03-28,K1-K8_C1-C5
079be9e107312788,2026-03-28,K1-K8_C1-C5
bed1bdf9d2356eb2,2026-03-28,K1-K8_C1-C5
e3cffa26877de6d0,2026-03-28,K1-K8_C1-C5
b99c75539c1fba99,2026-03-28,K1-K8_C1-C5
aeb94fe5ba54e696,2026-03-28,K1-K8_C1-C5
427dd583c8d91c04,2026-03-28,K1-K8_C1-C5
40dab8b1413760d3,2026-03-28,K1-K8_C1-C5
0063573c404dbe84,2026-03-28,K1-K8_C1-C5
1bfe41479756fc17,2026-03-28,K1-K8_C1-C5
be172fe14a96f425,2026-03-28,K1-K8_C1-C5
5f3c71681b37bb6b,2026-03-28,K1-K8_C1-C5
ee97e32017dc619a,2026-03-28,K1-K8_C1-C5
be6a8df3339af9fa,2026-03-28,K1-K8_C1-C5
9283cc8fc7236092,2026-03-28,K1-K8_C1-C5
4e4619a667d8f0a7,2026-03-28,K1-K8_C1-C5
8fa4f1cae841c4eb,2026-03-28,K1-K8_C1-C5
cf6c2c6665d9404f,2026-03-28,K1-K8_C1-C5
2f6b341324460f14,2026-03-28,K1-K8_C1-C5
9b335a2399d140ef,2026-03-28,K1-K8_C1-C5
67a15ca8ed99f13e,2026-03-28,K1-K8_C1-C5
9b917234a256434c,2026-03-28,K1-K8_C1-C5
e61b5e7d25e4584f,2026-03-28,K1-K8_C1-C5
2ad9cf0c3218c0d2,2026-03-28,K1-K8_C1-C5
5dbf3b3ec75553d4,2026-03-28,K1-K8_C1-C5
fc261d614f634459,2026-03-28,K1-K8_C1-C5
16c3cda87d019030,2026-03-28,K1-K8_C1-C5
398da0cb35ec40b9,2026-03-28,K1-K8_C1-C5
ee1cdf35868a8d6f,2026-03-28,K1-K8_C1-C5
124f7c3efb04efe8,2026-03-28,K1-K8_C1-C5
06ec03a3101d1104,2026-03-28,K1-K8_C1-C5
1bd9ff4110542294,2026-03-28,K1-K8_C1-C5
1baa8f236b996436,2026-03-28,K1-K8_C1-C5
175e9c7b5846495e,2026-03-28,K1-K8_C1-C5
35d55ff52bf38ad4,2026-03-28,K1-K8_C1-C5
8896f97e0640e6b5,2026-03-28,K1-K8_C1-C5
d2de9bbcf62247de,2026-03-28,K1-K8_C1-C5
9859c424a26b1da9,2026-03-28,K1-K8_C1-C5
a1545f6494a47d6c,2026-03-28,K1-K8_C1-C5
d255aff0e3adbea5,2026-03-28,K1-K8_C1-C5
22b9ad2dd1ca0fdb,2026-03-28,K1-K8_C1-C5
2c3b807f9eae77fa,2026-03-28,K1-K8_C1-C5
a1937c0a938de105,2026-03-28,K1-K8_C1-C5
16598a094a712d1a,2026-03-28,K1-K8_C1-C5
72c13f0441828c73,2026-03-28,K1-K8_C1-C5
ee35faf8d82502e5,2026-03-28,K1-K8_C1-C5
cfafdbb02095c0df,2026-03-28,K1-K8_C1-C5
83e85725a1a68774,2026-03-28,K1-K8_C1-C5
d96b491dacedfed4,2026-03-28,K1-K8_C1-C5
3c87b7c2bbfa91b2,2026-03-28,K1-K8_C1-C5
9fb8983e4e678978,2026-03-28,K1-K8_C1-C5
b483d8ab3bff088a,2026-03-28,K1-K8_C1-C5
f64e57fc5e55b485,2026-03-28,K1-K8_C1-C5
33ea481141b459bf,2026-03-28,K1-K8_C1-C5
4effeefbe1dae1e2,2026-03-28,K1-K8_C1-C5
0ceb9ea55aa530cc,2026-03-28,K1-K8_C1-C5
601e771ac792624a,2026-03-28,K1-K8_C1-C5
c269f50361ab6012,2026-03-28,K1-K8_C1-C5
8bc79113678f4be6,2026-03-28,K1-K8_C1-C5
04f155e891aa61fc,2026-03-28,K1-K8_C1-C5
d4d8440117035595,2026-03-28,K1-K8_C1-C5
c9781032fbab567d,2026-03-28,K1-K8_C1-C5
77179583178044d0,2026-03-28,K1-K8_C1-C5
118a4c44d36d81a1,2026-03-28,K1-K8_C1-C5
55934754cfc8576f,2026-03-28,K1-K8_C1-C5
62c68e8a0af8022c,2026-03-28,K1-K8_C1-C5
8500ceea64bb639c,2026-03-28,K1-K8_C1-C5
3f83876e00becff0,2026-03-28,K1-K8_C1-C5
58fc59775c24efea,2026-03-28,K1-K8_C1-C5
67448c9a46e6db3a,2026-03-28,K1-K8_C1-C5
3be1ce9fbc852cc4,2026-03-28,K1-K8_C1-C5
e8bafd470a85b016,2026-03-28,K1-K8_C1-C5
b8ab00f76321053c,2026-03-28,K1-K8_C1-C5
702fb5274d654835,2026-03-28,K1-K8_C1-C5
e7c25571175711ae,2026-03-28,K1-K8_C1-C5
a9f2b2ba21dac335,2026-03-28,K1-K8_C1-C5
02d1658d9fb4c4cf,2026-03-28,K1-K8_C1-C5
ef2fe2490824350f,2026-03-28,K1-K8_C1-C5
ada119d101c14e12,2026-03-28,K1-K8_C1-C5
d6e1adc5ccf710a9,2026-03-28,K1-K8_C1-C5
aed5309a26ca9a4a,2026-03-28,K1-K8_C1-C5
43e40244a0d6f27f,2026-03-28,K1-K8_C1-C5
c69a1e49434e7dfb,2026-03-28,K1-K8_C1-C5
5509509e0b21bb25,2026-03-28,K1-K8_C1-C5
097d0c100983da59,2026-03-28,K1-K8_C1-C5
e9d16021ebe78841,2026-03-28,K1-K8_C1-C5
42828a25380466f2,2026-03-28,K1-K8_C1-C5
b002dcfad7ae1174,2026-03-28,K1-K8_C1-C5
34a4689f85a3ce3d,2026-03-28,K1-K8_C1-C5
81fecb9a2830d6e0,2026-03-28,K1-K8_C1-C5
19f1195c4fe202d7,2026-03-28,K1-K8_C1-C5
011e17fb47de5223,2026-03-28,K1-K8_C1-C5
5a950430dd812ad2,2026-03-28,K1-K8_C1-C5
2940b5d6bd989e3f,2026-03-28,K1-K8_C1-C5
0e062fedb6eb9d45,2026-03-28,K1-K8_C1-C5
55a9b081baeb594e,2026-03-28,K1-K8_C1-C5
b9e2dfc0a09390a6,2026-03-28,K1-K8_C1-C5
d2ddc91e1a6e9d8c,2026-03-28,K1-K8_C1-C5
9b4f1dfd002e51cd,2026-03-28,K1-K8_C1-C5
70430c5deb655c4e,2026-03-28,K1-K8_C1-C5
db2cac5a6db52052,2026-03-28,K1-K8_C1-C5
69fbbc0ea988ef40,2026-03-28,K1-K8_C1-C5
e6d676ed19c00c07,2026-03-28,K1-K8_C1-C5
b334a26efac34412,2026-03-28,K1-K8_C1-C5
6489566ce2bd9025,2026-03-28,K1-K8_C1-C5
a4eca27c5c7503f6,2026-03-28,K1-K8_C1-C5
a45c447d2bb9a495,2026-03-28,K1-K8_C1-C5
f5944197b6ab2a21,2026-03-28,K1-K8_C1-C5
00fda713ebcd91cd,2026-03-28,K1-K8_C1-C5
1665f9e784a9ca16,2026-03-28,K1-K8_C1-C5
392ce461bb10678a,2026-03-28,K1-K8_C1-C5
6e7624447c8d245a,2026-03-28,K1-K8_C1-C5
79b84c1f7e455ed4,2026-03-28,K1-K8_C1-C5
12c4cb11a3657baa,2026-03-28,K1-K8_C1-C5
49d263305ab18a81,2026-03-28,K1-K8_C1-C5
e96ea7aeb4097746,2026-03-28,K1-K8_C1-C5
e34d49c99a4a96e0,2026-03-28,K1-K8_C1-C5
1b704b042ccb4c99,2026-03-28,K1-K8_C1-C5
97cbb77031a6590a,2026-03-28,K1-K8_C1-C5
0c4adbc89565e78c,2026-03-28,K1-K8_C1-C5
7f4dbb2643a13309,2026-03-28,K1-K8_C1-C5
b1209a45d39231cd,2026-03-28,K1-K8_C1-C5
f08a40ac1a1278c3,2026-03-28,K1-K8_C1-C5
e78621e448ceda10,2026-03-28,K1-K8_C1-C5
7102c5a865c9137f,2026-03-28,K1-K8_C1-C5
165f7cdb3751fd46,2026-03-28,K1-K8_C1-C5
5a9c787076880483,2026-03-28,K1-K8_C1-C5
6eeaa33f11cd1b13,2026-03-28,K1-K8_C1-C5
ecc973da21bc39ff,2026-03-28,K1-K8_C1-C5
b20cba6f9774aaeb,2026-03-28,K1-K8_C1-C5
f60175d49081818b,2026-03-28,K1-K8_C1-C5
657e52e5f0a1815c,2026-03-28,K1-K8_C1-C5
6e4bca04a3a2be82,2026-03-28,K1-K8_C1-C5
599be630375644c2,2026-03-28,K1-K8_C1-C5
f2f366d4b26e27f0,2026-03-28,K1-K8_C1-C5
3d4b3e64bbea738e,2026-03-28,K1-K8_C1-C5
20d679f299a6fcc1,2026-03-28,K1-K8_C1-C5
a61757f1fb8aac6b,2026-03-28,K1-K8_C1-C5
d554ab1d3448f44f,2026-03-28,K1-K8_C1-C5
8481040d4db2c3f0,2026-03-28,K1-K8_C1-C5
575adb4460c2b0f1,2026-03-28,K1-K8_C1-C5
7e485bc8ac7f43bd,2026-03-28,K1-K8_C1-C5
0b05f962b9c0a501,2026-03-28,K1-K8_C1-C5
1f3ee0141cfbeb1f,2026-03-28,K1-K8_C1-C5
8860c5cbb46873c9,2026-03-28,K1-K8_C1-C5
2dc05f82ea4729af,2026-03-28,K1-K8_C1-C5
b8d430ca1fdaa387,2026-03-28,K1-K8_C1-C5
d8c38f3923957f5c,2026-03-28,K1-K8_C1-C5
a5376624d4075f76,2026-03-28,K1-K8_C1-C5
4ff856dfc68520c5,2026-03-28,K1-K8_C1-C5
e50e02198e5d4426,2026-03-28,K1-K8_C1-C5
e3ec6de08757820a,2026-03-28,K1-K8_C1-C5
b74afaef739f2caa,2026-03-28,K1-K8_C1-C5
3634b7f1a892dc0b,2026-03-28,K1-K8_C1-C5
b20f60e35edad298,2026-03-28,K1-K8_C1-C5
59cfc7294fbe2af7,2026-03-28,K1-K8_C1-C5
f035fbdcdacee30b,2026-03-28,K1-K8_C1-C5
20e79eca38bd6195,2026-03-28,K1-K8_C1-C5
659889784c23357c,2026-03-28,K1-K8_C1-C5
14fda8730ed2a85a,2026-03-28,K1-K8_C1-C5
0ad63639eebd394d,2026-03-28,K1-K8_C1-C5
e739f94839c66701,2026-03-28,K1-K8_C1-C5
ce59eb1e89a9a6ba,2026-03-28,K1-K8_C1-C5
88094928ecc9f16c,2026-03-28,K1-K8_C1-C5
3cf4ea8daedcc84d,2026-03-28,K1-K8_C1-C5
76971bcfbd7b9090,2026-03-28,K1-K8_C1-C5
86f553fd989fb8fe,2026-03-28,K1-K8_C1-C5
a262d57a452ce797,2026-03-28,K1-K8_C1-C5
ef4650d42204b848,2026-03-28,K1-K8_C1-C5
3004b965e9a9d37a,2026-03-28,K1-K8_C1-C5
3f79668e1d80717f,2026-03-28,K1-K8_C1-C5
0c0bd752060c6233,2026-03-28,K1-K8_C1-C5
6c195665cee12178,2026-03-28,K1-K8_C1-C5
5e65178e0a51e9ce,2026-03-28,K1-K8_C1-C5
8aedfbca26056c96,2026-03-28,K1-K8_C1-C5
d9e13260539764f6,2026-03-28,K1-K8_C1-C5
18d01965cc01f5ca,2026-03-28,K1-K8_C1-C5
3e829afe6a01e1fc,2026-03-28,K1-K8_C1-C5
df68e6fbb16a719d,2026-03-28,K1-K8_C1-C5
3c13b907a8368e78,2026-03-28,K1-K8_C1-C5
c4ba66c3b08d12ac,2026-03-28,K1-K8_C1-C5
2e54a0b90ecb1e98,2026-03-28,K1-K8_C1-C5
206f68e53ed84714,2026-03-28,K1-K8_C1-C5
458465ce044d2001,2026-03-28,K1-K8_C1-C5
ec34b8faa9327e9e,2026-03-28,K1-K8_C1-C5
809cfca01b573ac7,2026-03-28,K1-K8_C1-C5
5e073ff5192e7499,2026-03-28,K1-K8_C1-C5
cd353aabd11057e0,2026-03-28,K1-K8_C1-C5
f4430ad32d31a3c6,2026-03-28,K1-K8_C1-C5
2c021b7c4109e2b6,2026-03-28,K1-K8_C1-C5
7def1b3ea09d5199,2026-03-28,K1-K8_C1-C5
ad77984a3172ddb1,2026-03-28,K1-K8_C1-C5
77fbce905a344aeb,2026-03-28,K1-K8_C1-C5
adec9a6aa718265b,2026-03-28,K1-K8_C1-C5
b78bbb06485d6eec,2026-03-28,K1-K8_C1-C5
d0c0da8d1695855f,2026-03-28,K1-K8_C1-C5
6f35d1a3ecb748c1,2026-03-28,K1-K8_C1-C5
2617503a80ac8a7f,2026-03-28,K1-K8_C1-C5
2591b62908ed7ad7,2026-03-28,K1-K8_C1-C5
48e9cc9afb621253,2026-03-28,K1-K8_C1-C5
99d453398f2ea300,2026-03-28,K1-K8_C1-C5
3e8606503ccc3aa4,2026-03-28,K1-K8_C1-C5
c6f0faeea6b6ebca,2026-03-28,K1-K8_C1-C5
d06e9c073d174cbc,2026-03-28,K1-K8_C1-C5
9331f75d51d82412,2026-03-28,K1-K8_C1-C5
cd60fd1d11fa3ea3,2026-03-28,K1-K8_C1-C5
ea87f3ad48d13735,2026-03-28,K1-K8_C1-C5
9cf1f21d9853609d,2026-03-28,K1-K8_C1-C5
01ef763756512be1,2026-03-28,K1-K8_C1-C5
96a0c02abccc1f0f,2026-03-28,K1-K8_C1-C5
1ab9f8c9b9225de8,2026-03-28,K1-K8_C1-C5
84f4209ff64efb0e,2026-03-28,K1-K8_C1-C5
bfce0df823b89ebf,2026-03-28,K1-K8_C1-C5
7da1c5ce617abe4f,2026-03-28,K1-K8_C1-C5
459ad9a9ad8d8a5d,2026-03-28,K1-K8_C1-C5
d4bccb6a874ed24b,2026-03-28,K1-K8_C1-C5
a389f26dc662b43d,2026-03-28,K1-K8_C1-C5
672b5298279804ae,2026-03-28,K1-K8_C1-C5
1a881309f8582476,2026-03-28,K1-K8_C1-C5
74015d1558c80a89,2026-03-28,K1-K8_C1-C5
f485085510f8fd0e,2026-03-28,K1-K8_C1-C5
1bc48c621495e517,2026-03-28,K1-K8_C1-C5
fbb44cf04086f4ae,2026-03-28,K1-K8_C1-C5
ab9b74fe0306e398,2026-03-28,K1-K8_C1-C5
629cce19391d3ae6,2026-03-28,K1-K8_C1-C5
deddec05ce114b24,2026-03-28,K1-K8_C1-C5
09623e5121bf8557,2026-03-28,K1-K8_C1-C5
573ab6c02d52eeae,2026-03-28,K1-K8_C1-C5
4e95f1851600cacd,2026-03-28,K1-K8_C1-C5
f58dd71ff3d39155,2026-03-28,K1-K8_C1-C5
21b826fab427af03,2026-03-28,K1-K8_C1-C5
5b4420275bc8e2ec,2026-03-28,K1-K8_C1-C5
acba8621ecbdd3fb,2026-03-28,K1-K8_C1-C5
b3c5fc35fbf2627b,2026-03-28,K1-K8_C1-C5
0e7000041b58ef70,2026-03-28,K1-K8_C1-C5
074127b67255d89c,2026-03-28,K1-K8_C1-C5
dc3a9f8bcb55d7ff,2026-03-28,K1-K8_C1-C5
